id;nom;prenom;email;telephone;role;est_banni
1;roughly yuck;phooey repentant;"U=@\=x\`b.tE){";692.555.7001;ADMINISTRATEUR;false
2;extremely mealy lost;now brr kissingly;"(Qt4@6CB.5J9]+6";1-702-345-4058 x9349;AUTORITE_LOCALE;true
3;against finished while;boyfriend misguided boohoo;"-sIx8?@NG`.VC";(242) 203-8314 x4881;SECOURS;true
4;interchange furiously;silently polite fun;":Ih@=$Y.Yh]z";319-689-8324 x8311;SECOURS;false
5;inscribe outgoing;er liquid;"wt@MJ).H";(291) 434-6601 x1775;AUTORITE_LOCALE;false
6;plain;ah;"E@V.D";903.582.4697 x23716;SINISTRE;true
7;swing mechanically if;readily hence wisecrack;"}P@`w.Ma";1-498-485-2693 x0651;ADMINISTRATEUR;true
8;even siege;rule oval;"~!E5r@`\^w&.0P!]";(923) 266-4457 x33788;AUTORITE_LOCALE;false
9;shabby patiently supposing;oof majestic gee;"9KGOao@A%F.B_;4W[";(944) 318-0778 x73091;SECOURS;false
10;once finally beneath;reservation;">tw1@j.jeGH";789.209.8062 x16869;SECOURS;true
11;posh yet yuck;milestone;"l@1?.J$|>hc";410-957-2168;SECOURS;false
12;until imagineer yet;ack;"p:1yG@cWDu.M";(561) 736-1551 x5289;SECOURS;false
13;searchingly;whoever unwelcome;"!sC@).xHV#";823.869.7595 x5511;ADMINISTRATEUR;false
14;which ape;never napkin soupy;"O@cO.+B0I";706.520.9016 x46315;ADMINISTRATEUR;true
15;hungry;aside patiently makeover;"eOut,@79Dn}.2:";1-808-332-0648 x425;SECOURS;false
16;likewise foodstuffs;nor behind gymnast;"|K@'g.-E9J3G";407.826.8179 x2777;CITOYEN;true
17;but christen;boo after stingy;"h`CunW@tDYrF.M>Y4s";207.404.7285;AUTORITE_LOCALE;true
18;amid norm;busily petal;"gC6g@a+Rn.,<7";852.969.0238 x141;SECOURS;true
19;ick license hence;incidentally crooked;"*bK6@A.;)C";(845) 701-6846 x0851;SECOURS;true
20;corral ha astride;properly;"]{yk3>@gE%.)";840-367-4585 x4337;CITOYEN;true
21;patiently;among;"+N4dT^@{*V7.}V";494-676-6393 x34200;ADMINISTRATEUR;false
22;what;softly headline headline;"H9@~.&q.7HI";533-232-9949 x4567;SECOURS;false
23;lamp pish moor;accentuate;"4n{H@z.'NS8`";(479) 243-2451 x8975;ADMINISTRATEUR;true
24;so but;subtle however;"C@+Z.#(";1-878-410-2221 x051;CITOYEN;true
25;lest phew swift;openly unless because;":>S@`0EcR4.iwjwT8";1-342-334-1989 x2744;ADMINISTRATEUR;true
26;but um boo;grok wiggly;"f\\K0>@vLB*n.=l}`=";1-299-639-6745 x28721;SECOURS;false
27;wherever except;nightlife pigsty fishery;"&_b!)>@iy|Hx<.m/G";263.328.7847 x5994;SECOURS;false
28;since till athletic;costume elegant travel;"o/czy@M.NP";611-513-0726 x76988;ADMINISTRATEUR;false
29;powerful gee;energetic soft rewarding;"$px%@(.nX";(750) 974-8890 x5532;SECOURS;true
30;modulo geez deform;woot foolishly furthermore;"[<2l~!@AZ.D";(986) 400-8734 x255;CITOYEN;true
